File,S,S_Res,S_RID,S_X,S_Y,S_Z,H,H_Res,H_RID,H_X,H_Y,H_Z,N,N_Res,N_RID,N_X,N_Y,N_Z,H-Bond
1a8dH,SD,MET,117,108.715,41.936,20.193,H,LYS,118,110.082,43.046,16.698,N,LYS,118,109.606,42.786,15.858,NO
1a8dH,SD,MET,117,108.715,41.936,20.193,H,GLY,127,110.925,45.174,20.891,N,GLY,127,110.451,45.074,20.016,NO
1qgiH,SD,MET,140,10.594,44.953,32.425,H,LEU,63,10.393,45.399,35.041,N,LEU,63,10.476,45.796,35.955,YES
1qgiH,SD,MET,241,1.083,24.954,47.642,H,MET,241,-2.621,25.791,47.043,N,MET,241,-2.257,26.633,46.645,NO
1hfcH,SD,MET,160,10.807,39.621,31.606,H,ALA,157,8.37,39.619,32.287,N,ALA,157,7.384,39.774,32.22,YES
1b6gH,SD,MET,135,38.975,21.904,44.195,H,MET,135,39.393,18.844,41.72,N,MET,135,39.757,18.007,42.128,NO
1b6gH,SD,MET,135,38.975,21.904,44.195,H,ALA,240,38.831,25.747,43.544,N,ALA,240,39.742,25.335,43.552,NO
1b6gH,SD,MET,225,23.499,28.84,39.514,H,PHE,99,25.02,27.12,42.123,N,PHE,99,25.015,26.239,41.649,NO
1b6gH,SD,MET,268,40.071,28.962,27.773,H,ALA,149,37.569,28.884,28.628,N,ALA,149,36.673,28.439,28.63,YES
1b6gH,SD,MET,271,41.047,29.171,34.202,H,LEU,151,37.813,30.502,35.697,N,LEU,151,37.159,29.746,35.714,NO
1gceH,SD,MET,268,32.325,11.385,5.781,H,TYR,269,33.561,8.58,7.788,N,TYR,269,34.016,8.532,6.899,NO
1gceH,SD,MET,276,29.129,5.204,9.552,H,MET,276,31.077,8.109,8.876,N,MET,276,30.751,8.072,9.821,NO
3vubH,SD,MET,32,-1.739,21.396,2.994,H,VAL,33,-0.067,20.035,5.833,N,VAL,33,0.012,20.707,6.569,NO
3vubH,SD,MET,32,-1.739,21.396,2.994,H,ALA,69,1.507,19.336,3.466,N,ALA,69,1.379,19.021,2.526,NO
3vubH,SD,MET,64,13.081,19.372,2.812,H,MET,64,10.24,20.797,5.152,N,MET,64,10.563,21.404,4.426,NO
19hcAH,SD,MET,274,-9.994,14.214,-8.931,H,GLY,113,-8.937,10.666,-10.268,N,GLY,113,-8.949,10.724,-11.266,NO
1qftAH,SD,MET,77,82.001,46.531,12.647,H,PHE,69,81.078,44.661,15.761,N,PHE,69,80.218,45.125,15.974,NO
1qftAH,SD,MET,77,82.001,46.531,12.647,H,GLN,78,83.663,44.846,15.696,N,GLN,78,84.286,44.106,15.442,NO
1qftAH,SD,MET,89,61.86,42.542,32.759,H,TYR,90,58.484,44.263,33.96,N,TYR,90,57.753,44.477,33.311,NO
1chdH,SD,MET,283,5.778,31.766,13.138,H,GLY,284,9.015,31.204,12.346,N,GLY,284,9.643,31.641,12.99,NO
2porH,SD,MET,13,-14.864,-20.093,30.362,H,TYR,14,-17.039,-22.276,28.777,N,TYR,14,-17.572,-21.615,29.305,NO
2porH,SD,MET,181,12.538,-26.784,38.747,H,ASP,207,12.307,-28.19,40.791,N,ASP,207,12.317,-28.92,41.474,YES
1pmiH,SD,MET,210,10.195,24.179,36.797,H,MET,210,9.3,27.396,34.716,N,MET,210,8.657,26.673,34.466,NO
1dptAH,SD,MET,47,7.715,-5.418,48.293,H,ASN,8,10.115,-4.802,50.747,N,ASN,8,9.325,-4.445,51.245,NO
1b0yH,SD,MET,49,-2.223,26.622,4.086,H,GLN,50,-1.116,27.111,0.817,N,GLN,50,-0.65,27.836,1.324,NO
1b0yH,SD,MET,49,-2.223,26.622,4.086,H,ALA,51,-2.46,30.055,3.144,N,ALA,51,-3.052,29.611,2.472,NO
3htsBH,SD,MET,192,12.209,6.281,-11.271,H,ALA,193,14.252,9.094,-10.378,N,ALA,193,15.245,9.209,-10.407,NO
1mrjH,SD,MET,246,13.692,-11.13,28.18,H,MET,246,15.136,-9.533,26.649,N,MET,246,16.034,-9.403,27.071,YES
1cipH,SD,MET,53,24.697,-23.075,5.288,H,MET,53,27.671,-21.627,7.366,N,MET,53,27.321,-20.793,6.94,NO
1cipH,SD,MET,240,43.602,-46.388,5.364,H,ASN,241,46.065,-45.171,3.704,N,ASN,241,46.128,-44.271,4.134,NO
1lmb4H,SD,MET,42,3.271,-9.738,-4.2,H,VAL,47,1.458,-7.989,-7.269,N,VAL,47,2.385,-7.619,-7.201,NO
1ek6AH,SD,MET,209,15.686,29.375,-6.231,H,MET,209,17.922,30.521,-3.46,N,MET,209,18.2,31.058,-4.256,NO
1ek6AH,SD,MET,280,13.424,25.366,-7.493,H,MET,280,16.19,24.589,-10.23,N,MET,280,15.423,25.036,-10.69,NO
1ek6AH,SD,MET,329,8.69,27.266,-3.409,H,HIS,243,6.814,27.205,-0.144,N,HIS,243,7.511,27.831,0.205,NO
1osaH,SD,MET,36,0.813,47.382,24.863,H,MET,36,0.202,49.964,27.58,N,MET,36,0.879,49.469,28.124,NO
1osaH,SD,MET,72,-8.239,39.574,25.433,H,MET,72,-11.225,39.628,22.907,N,MET,72,-10.552,39.028,22.475,NO
1osaH,SD,MET,76,-9.343,33.876,25.658,H,MET,76,-8.128,34.432,22.211,N,MET,76,-7.287,33.964,21.94,NO
1dinH,SD,MET,167,14.192,59.151,7.874,H,TYR,145,16.564,56.526,6.743,N,TYR,145,16.115,55.634,6.792,NO
1dinH,SD,MET,167,14.192,59.151,7.874,H,GLY,146,13.77,55.801,8.704,N,GLY,146,13.317,55.097,8.157,NO
1cvlH,SD,MET,254,6.95,60.908,10.966,H,PHE,119,10.55,60.92,10.437,N,PHE,119,11.108,61.357,9.731,NO
1taxH,SD,MET,49,7.055,-1.82,2.791,H,HIS,83,3.751,-1.128,3.537,N,HIS,83,2.83,-1.491,3.679,NO
1bqcH,SD,MET,175,41.21,17.594,27.586,H,SER,194,41.171,16.498,24.075,N,SER,194,41.958,16.292,23.493,NO
1gpeAH,SD,MET,132,-8.432,8.117,-40.993,H,ALA,538,-8.997,11.547,-41.849,N,ALA,538,-8.314,11.512,-41.119,NO
1gpeAH,SD,MET,140,2.733,8.881,-41.963,H,MET,140,4.292,6.82,-44.56,N,MET,140,4.869,7.601,-44.323,NO
1gpeAH,SD,MET,190,23.969,-8.081,-25.912,H,MET,190,24.467,-10.37,-26.42,N,MET,190,23.849,-11.061,-26.796,YES
1gpeAH,SD,MET,218,23.788,-5.639,-29.992,H,HIS,162,25.841,-4.772,-32.971,N,HIS,162,25.056,-5.083,-33.507,NO
1gpeAH,SD,MET,484,20.969,-16.215,-25.584,H,LEU,193,22.392,-14.205,-28.22,N,LEU,193,22.105,-15.05,-28.672,NO
1abaH,SD,MET,37,-4.23,53.864,53.922,H,GLY,41,-6.665,55.379,53.438,N,GLY,41,-7.092,56.125,52.927,YES
1fltYH,SD,MET,55,2.129,2.522,26.584,H,GLU,30,0.807,-0.291,24.211,N,GLU,30,0.765,0.541,23.657,NO
1nulBH,SD,MET,11,27.383,3.665,25.898,H,THR,8,28.431,4.575,22.806,N,THR,8,28.484,5.315,22.135,NO
1nulBH,SD,MET,24,4.678,0.952,23.453,H,SER,26,2.017,2.791,22.778,N,SER,26,1.908,3.691,23.199,NO
1dbwBH,SD,MET,57,-7.816,19.458,42.188,H,ASP,11,-7.089,18.589,45.144,N,ASP,11,-7.514,18.929,45.983,YES
1dbwBH,SD,MET,57,-7.816,19.458,42.188,H,ASP,54,-4.535,21.566,42.384,N,ASP,54,-3.757,21.47,41.763,NO
1munH,SD,MET,39,-32.601,-13.261,26.128,H,PHE,52,-30.374,-13.52,29.079,N,PHE,52,-30.991,-14.295,29.213,NO
2dpmH,SD,MET,111,1.432,16.135,34.176,H,MET,111,3.617,15.881,36.852,N,MET,111,2.897,16.539,37.075,NO
1dosAH,SD,MET,190,3.46,-21.295,2.138,H,ASP,191,1.969,-22.402,4.579,N,ASP,191,1.105,-21.999,4.881,NO
1qusH,SD,MET,67,16.915,35.684,-0.247,H,MET,67,16.565,39.158,-2.152,N,MET,67,17.456,39.219,-1.703,NO
1qusH,SD,MET,169,10.277,11.988,4.341,H,TYR,223,12.897,13.445,6.679,N,TYR,223,11.954,13.614,6.965,NO
1yveIH,SD,MET,254,12.579,7.722,78.817,H,SER,257,16.058,8.885,80.075,N,SER,257,16.304,9.187,80.996,NO
1gofH,SD,MET,233,13.403,16.707,15.175,H,TYR,617,10.789,17.11,15.743,N,TYR,617,9.818,17.212,15.958,YES
1gofH,SD,MET,382,32.9,6.736,25.661,H,CYS,383,30.445,4.893,25.166,N,CYS,383,30.631,3.918,25.042,YES
1bs9H,SD,MET,96,12.836,4.724,16.848,H,VAL,87,13.326,7.631,18.889,N,VAL,87,12.36,7.881,18.951,NO
1uaeH,SD,MET,90,32.753,27.173,36.569,H,ALA,92,36.276,25.592,37.34,N,ALA,92,36.959,25.238,36.701,NO
1uaeH,SD,MET,90,32.753,27.173,36.569,H,SER,93,36.251,26.468,34.841,N,SER,93,36.269,25.785,34.111,NO
1uaeH,SD,MET,306,37.068,16.967,53.804,H,THR,237,33.322,17.117,54.235,N,THR,237,33.512,17.07,55.216,NO
1fdrH,SD,MET,155,43.406,37.667,25.363,H,MET,155,42.761,41.229,26.929,N,MET,155,43.431,41.57,27.588,NO
1fdrH,SD,MET,217,43.263,23.08,24.41,H,VAL,218,40.88,20.265,24.864,N,VAL,218,41.838,20.008,24.741,NO
1hkaH,SD,MET,118,-3.04,23.302,30.606,H,HIS,115,-5.892,24.382,29.491,N,HIS,115,-6.164,25.338,29.598,NO
1uchH,SD,MET,37,47.107,35.436,39.011,H,MET,37,47.192,35.683,35.516,N,MET,37,46.356,36.177,35.756,NO
1plcH,SD,MET,57,4.901,26.826,13.914,H,ILE,39,6.964,27.569,15.593,N,ILE,39,7.218,28.035,16.44,YES
1b6aH,SD,MET,191,42.112,26.459,17.528,H,LYS,188,41.177,24.397,19.478,N,LYS,188,41.186,23.433,19.743,YES
1b6aH,SD,MET,193,36.404,30.323,22.603,H,MET,193,38.387,33.101,21.527,N,MET,193,38.39,32.542,20.698,NO
1b6aH,SD,MET,193,36.404,30.323,22.603,H,LEU,242,40.006,29.91,23.54,N,LEU,242,39.773,29.822,24.509,NO
1b6aH,SD,MET,355,7.644,16.049,15.191,H,GLY,292,7.38,13.391,14.821,N,GLY,292,7.792,12.532,14.515,YES
1b6aH,SD,MET,384,16.743,34.877,12.065,H,ALA,414,19.766,34.082,10.157,N,ALA,414,19.881,35.07,10.05,NO
1qnfH,SD,MET,47,47.785,12.108,69.837,H,ALA,48,48.859,15.891,69.774,N,ALA,48,49.627,16.214,70.327,NO
1qnfH,SD,MET,338,59.095,27.555,65.739,H,MET,338,58.158,31.211,65.936,N,MET,338,57.291,30.739,66.096,NO
1qnfH,SD,MET,375,52.633,15.342,63.145,H,ASP,382,50.589,16.857,60.458,N,ASP,382,49.831,16.275,60.752,NO
1qnfH,SD,MET,398,58.638,10.927,46.959,H,MET,398,59.995,13.641,49.008,N,MET,398,60.584,13.663,48.2,NO
1aacH,SD,MET,28,9.889,3.065,6.732,H,MET,28,11.463,1.452,3.737,N,MET,28,10.634,0.91,3.602,NO
1aacH,SD,MET,71,16.792,1.365,15.771,H,MET,71,20.619,1.63,16.551,N,MET,71,20.538,1.103,15.705,NO
1aacH,SD,MET,72,21.858,-1.505,9.31,H,ASN,47,21.735,0.165,5.989,N,ASN,47,21.05,-0.1,5.31,NO
1aacH,SD,MET,72,21.858,-1.505,9.31,H,TYR,78,24.751,-3.682,8.386,N,TYR,78,25.245,-3.194,9.106,NO
1hpmH,SD,MET,127,12.187,28.111,6.265,H,MET,127,9.585,26.236,4.936,N,MET,127,9.869,26.73,4.114,NO
1qqqH,SD,MET,187,18.885,22.839,63.779,H,MET,187,16.724,21.014,60.996,N,MET,187,16.787,20.016,60.977,NO
1h2rLH,SD,MET,333,66.535,67.002,97.662,H,MET,333,63.451,65.748,99.664,N,MET,333,64.004,65.018,99.263,NO
1h2rLH,SD,MET,373,64.239,45.365,93.678,H,GLY,507,62.549,46.433,97.129,N,GLY,507,63.065,45.576,97.104,NO
1h2rLH,SD,MET,383,58.425,54.632,104.27,H,TYR,378,62.267,55.228,103.497,N,TYR,378,62.896,55.886,103.083,NO
3proCH,SD,MET,95,15.743,34.31,53.501,H,VAL,121,16.725,31.527,55.631,N,VAL,121,17.712,31.63,55.752,NO
1bs0H,SD,MET,268,-5.329,-10.601,36.42,H,ALA,273,-6.069,-14.385,35.674,N,ALA,273,-5.607,-14.471,36.557,NO
1bs0H,SD,MET,370,17.39,-18.723,59.35,H,MET,370,18.274,-21.134,56.529,N,MET,370,18.748,-20.322,56.189,NO
1ceqH,SD,MET,30,38.685,17.128,2.362,H,MET,30,36.693,17.275,5.525,N,MET,30,37.271,18.09,5.568,NO
1ceqH,SD,MET,72,52.365,31.914,-1.114,H,MET,72,51.512,33.402,0.877,N,MET,72,51.509,34.384,0.691,YES
1ceqH,SD,MET,120,27.908,18.385,18.926,H,MET,120,28.432,15.022,20.706,N,MET,120,29.176,15.524,21.146,NO
1ceqH,SD,MET,145,24.504,15.886,17.428,H,MET,145,21.924,18.578,16.153,N,MET,145,21.931,18.791,17.13,NO
1ceqH,SD,MET,257,26.65,30.458,9.806,H,MET,257,29.421,32.792,8.587,N,MET,257,29.445,33.713,8.976,NO
1qlwAH,SD,MET,301,43.533,0.094,20.882,H,MET,301,45.558,-0.141,22.149,N,MET,301,45.818,-0.715,22.926,YES
1qlwAH,SD,MET,301,43.533,0.094,20.882,H,GLN,302,45.11,-2.832,22.166,N,GLN,302,44.559,-3.135,22.943,NO
1c24H,SD,MET,27,17.992,-26.409,22.527,H,ILE,28,15.511,-23.543,21.741,N,ILE,28,15.695,-23.86,22.671,NO
1c24H,SD,MET,112,13.958,-9.634,18.898,H,GLN,233,13.47,-8.4,16.839,N,GLN,233,13.381,-7.776,16.062,YES
1c24H,SD,MET,199,8.557,-14.807,-6.639,H,LYS,196,5.87,-15.215,-7.013,N,LYS,196,5.038,-15.049,-7.543,NO
1qh8BH,SD,MET,116,23.248,-2.893,26.235,H,GLY,89,26.723,-2.363,25.613,N,GLY,89,26.847,-3.244,26.069,NO
1qh8BH,SD,MET,239,60.314,-21.196,16.949,H,TYR,483,62.485,-21.692,20.228,N,TYR,483,62.548,-21.471,21.201,NO
1qh8BH,SD,MET,243,60.914,-26.206,10.789,H,ALA,337,63.71,-26.223,10.141,N,ALA,337,64.528,-26.728,9.866,YES
1kuhH,SD,MET,103,34.258,18.495,4.915,H,MET,103,30.723,19.133,3.588,N,MET,103,31.033,19.711,4.343,NO
1bk0H,SD,MET,63,1.076,24.74,15.229,H,MET,63,4.319,22.56,14.465,N,MET,63,4.316,23.182,15.248,NO
1c3pH,SD,MET,38,33.733,55.983,62.702,H,ASN,323,33.123,58.734,62.457,N,ASN,323,32.533,59.539,62.519,YES
1c3pH,SD,MET,99,36.314,31.698,38.113,H,GLU,73,39.482,30.053,36.767,N,GLU,73,39.26,30.726,36.062,NO
1c3pH,SD,MET,99,36.314,31.698,38.113,H,SER,96,35.409,34.186,37.995,N,SER,96,34.986,34.982,37.563,YES
1d3vAH,SD,MET,103,17.643,28.437,-6.688,H,MET,103,17.076,24.813,-5.232,N,MET,103,17.646,25.374,-4.631,NO
1d3vAH,SD,MET,200,9.719,5.571,1.755,H,MET,200,13.077,4.897,3.617,N,MET,200,12.408,4.742,4.344,NO
1d3vAH,SD,MET,212,4.426,13.086,9.014,H,MET,212,3.642,10.027,11.315,N,MET,212,4.388,10.568,11.702,NO
1d3vAH,SD,MET,276,11.674,23.882,-4.411,H,GLY,98,8.672,24.738,-6.502,N,GLY,98,9.254,25.341,-7.048,NO
1d3vAH,SD,MET,276,11.674,23.882,-4.411,H,ILE,275,8.165,24.351,-3.46,N,ILE,275,8.101,23.474,-2.984,NO
1b0uH,SD,MET,196,38.305,59.937,55.826,H,MET,196,36.681,63.483,56.228,N,MET,196,36.049,63.75,55.501,NO
1b0uH,SD,MET,206,32.175,60.007,51.345,H,ALA,200,31.197,62.991,53.26,N,ALA,200,30.573,63.079,52.483,NO
1b0uH,SD,MET,213,34.707,49.883,64.029,H,MET,213,36.297,53.176,65.268,N,MET,213,35.746,53.449,64.479,NO
1qddH,SD,MET,45,43.484,24.743,64.019,H,MET,45,41.178,22.984,61.552,N,MET,45,42.102,23.284,61.315,NO
1gvpH,SD,MET,1,-1.496,16.282,-0.064,H,ILE,2,0.283,16.996,3.378,N,ILE,2,-0.352,17.28,4.096,NO
1babBH,SD,MET,1,5.671,12.457,6.047,H,MET,1,3.451,15.085,4.971,N,MET,1,3.731,15.587,4.153,NO
1poaH,SD,MET,8,22.384,83.921,0.96,H,ARG,94,19.084,85.292,-0.696,N,ARG,94,19.987,85.528,-1.054,NO
2tpsAH,SD,MET,207,15.259,34.644,23.796,H,MET,207,15.388,36.785,21.967,N,MET,207,14.407,36.932,21.842,YES
1guqAH,SD,MET,278,28.07,0.18,75.711,H,GLY,279,25.075,2.119,75.462,N,GLY,279,25.527,1.827,74.619,NO
1pdaH,SD,MET,28,20.529,17.492,3.361,H,VAL,36,17.52,19.592,4.764,N,VAL,36,16.555,19.357,4.884,NO
1pdaH,SD,MET,286,14.231,-18.078,12.374,H,GLY,278,17.548,-19.664,11.406,N,GLY,278,16.898,-20.414,11.528,NO
1gsoH,SD,MET,275,33.202,40.076,11.58,H,GLY,192,31.117,39.183,8.88,N,GLY,192,30.148,39.43,8.85,NO
1bw9AH,SD,MET,67,13.256,34.403,-11.071,H,MET,67,16.227,32.535,-12.933,N,MET,67,16.615,32.621,-12.015,NO
1bw9AH,SD,MET,126,6.493,46.174,-16.461,H,MET,126,5.595,49.97,-16.243,N,MET,126,4.768,49.568,-16.636,NO
1bw9AH,SD,MET,240,25.662,48.246,-26.085,H,MET,240,24.733,47.81,-24.2,N,MET,240,24.173,47.171,-23.673,YES
1aquAH,SD,MET,20,0.808,14.312,59.209,H,TYR,169,0.002,17.436,60.816,N,TYR,169,0.558,17.842,61.541,NO
1vnsH,SD,MET,267,-1.194,60.738,17.513,H,MET,267,-4.334,61.436,15.301,N,MET,267,-3.486,61.954,15.19,NO
1vnsH,SD,MET,267,-1.194,60.738,17.513,H,THR,525,-1.432,60.26,19.867,N,THR,525,-1.16,60.074,20.811,YES
1vnsH,SD,MET,439,14.752,45.883,4.16,H,ILE,440,16.181,49.283,3.094,N,ILE,440,15.927,49.955,3.79,NO
1qhvH,SD,MET,468,45.625,0.839,13.471,H,ASP,462,45.524,3.424,10.484,N,ASP,462,46.394,3.261,10.949,NO
1bd0AH,SD,MET,316,16.03,49.507,71.825,H,MET,316,16.042,47.313,69.408,N,MET,316,15.208,47.231,69.953,NO
1atzAH,SD,MET,947,12.519,18.077,17.237,H,ASP,934,14.497,16.047,17.7,N,ASP,934,15.478,16.02,17.506,YES
1tph1H,SD,MET,82,0.434,26.607,13.51,H,SER,79,2.737,24.776,13.578,N,SER,79,3.462,24.168,13.902,YES
3chyH,SD,MET,60,29.899,-0.73,13.316,H,ASP,57,29.668,2.165,10.86,N,ASP,57,28.933,2.833,10.74,NO
3chyH,SD,MET,85,25.457,5.756,13.215,H,VAL,86,26.86,5.598,9.665,N,VAL,86,26.453,6.253,9.029,NO
3claH,SD,MET,118,8.844,28.135,29.95,H,MET,118,12.008,30.004,28.487,N,MET,118,11.295,30.032,27.787,NO
1mbaH,SD,MET,111,-50.676,-47.724,-31.627,H,MET,111,-52.456,-50.961,-33.024,N,MET,111,-51.898,-51.708,-32.663,NO
1mbaH,SD,MET,111,-50.676,-47.724,-31.627,H,PHE,112,-52.834,-50.722,-30.553,N,PHE,112,-52.001,-50.72,-29.999,NO
1b8oH,SD,MET,130,21.759,94.039,61.427,H,GLY,190,20.124,93.98,57.895,N,GLY,190,21.032,94.326,57.659,NO
1b8oH,SD,MET,194,20.062,80.648,67.587,H,LEU,195,23.12,83.001,68.376,N,LEU,195,23.362,82.236,67.78,NO
1gcaH,SD,MET,182,84.909,37.14,94.451,H,MET,182,81.413,35.856,94.35,N,MET,182,81.704,34.966,94.701,NO
1gcaH,SD,MET,214,78.338,32.769,93.54,H,ALA,181,79.192,35.991,94.373,N,ALA,181,79.402,36.231,95.321,NO
1gcaH,SD,MET,214,78.338,32.769,93.54,H,TRP,183,81.101,33.109,93.017,N,TRP,183,81.845,32.462,93.183,YES
1gcaH,SD,MET,214,78.338,32.769,93.54,H,ASP,184,81.467,31.492,95.352,N,ASP,184,81.557,30.511,95.181,NO
1c3wH,SD,MET,60,16.434,33.229,-4.767,H,ARG,82,13.487,35.54,-3.914,N,ARG,82,13.153,35.227,-3.025,NO
1c3wH,SD,MET,163,18.143,43.724,27.425,H,MET,163,17.574,44.423,31.219,N,MET,163,17.417,43.636,31.815,NO
1bu7AH,SD,MET,112,52.1,71.236,57.094,H,MET,112,53.798,70.006,60.281,N,MET,112,53.93,70.996,60.324,NO
1bu7AH,SD,MET,119,48.429,75.244,56.707,H,GLU,409,46.905,72.216,54.92,N,GLU,409,46.101,72.524,55.428,NO
1bu7AH,SD,MET,316,35.424,59.874,58.493,H,MET,316,37.174,63.135,56.991,N,MET,316,37.567,63.043,56.076,NO
2garH,SD,MET,77,30.071,11.676,7.507,H,MET,77,26.455,10.362,8.421,N,MET,77,26.389,10.366,7.423,NO
2garH,SD,MET,89,11.983,3.723,24.157,H,MET,89,15.329,4.844,23.046,N,MET,89,14.503,5.337,22.773,NO
2garH,SD,MET,191,4.524,14.055,6.311,H,HIS,192,2.287,13.328,3.316,N,HIS,192,3.1,13.834,3.029,NO
2garH,SD,MET,191,4.524,14.055,6.311,H,ASN,194,2.451,16.729,6.2,N,ASN,194,1.513,16.523,6.478,NO
2garH,SD,MET,191,4.524,14.055,6.311,H,ALA,195,1.132,14.161,5.678,N,ALA,195,0.512,13.935,6.43,NO
1ygeH,SD,MET,497,16.111,44.76,21.75,H,MET,497,16.232,44.297,18.113,N,MET,497,17.065,44.328,18.666,NO
1ygeH,SD,MET,705,3.567,51.742,0.88,H,MET,705,5.626,50.495,2.407,N,MET,705,5.549,50.274,3.379,YES
1qb7H,SD,MET,101,31.073,18.655,7.188,H,GLY,158,29.723,21.247,4.505,N,GLY,158,30.12,20.47,4.017,NO
1qb7H,SD,MET,172,23.487,22.104,6.254,H,VAL,173,20.142,20.17,6.91,N,VAL,173,19.563,20.947,6.663,NO
1ezmH,SD,MET,42,50.358,19.978,30.857,H,MET,42,51.896,21.575,34.184,N,MET,42,51.695,20.604,34.318,NO
1ezmH,SD,MET,162,43.594,47.298,10.977,H,MET,162,46.466,44.883,12.281,N,MET,162,46.657,44.941,13.261,NO
1btyH,SD,MET,104,19.255,15.082,30.054,H,TYR,59,20.843,11.885,28.408,N,TYR,59,21.33,11.973,29.277,NO
1btyH,SD,MET,180,17.693,14.606,13.182,H,THR,177,15.675,14.98,11.468,N,THR,177,15.059,14.859,10.69,YES
1nlsH,SD,MET,42,71.423,26.172,9.445,H,GLN,43,70.278,27.635,6.011,N,GLN,43,71.102,27.072,5.951,NO
1nlsH,SD,MET,42,71.423,26.172,9.445,H,ASN,44,74.239,27.82,7.334,N,ASN,44,73.658,28.622,7.473,NO
1bf6BH,SD,MET,44,1.443,-1.62,11.367,H,ILE,75,2.516,-4.751,13.074,N,ILE,75,1.648,-5.019,12.656,NO
1bf6BH,SD,MET,59,16.6,-17.831,2.627,H,ASN,56,14.518,-18.315,4.324,N,ASN,56,14.008,-18.376,5.182,YES
1bf6BH,SD,MET,70,2.704,-11.432,12.858,H,VAL,77,2.752,-10.884,10.584,N,VAL,77,2.955,-10.502,9.682,YES
1bf6BH,SD,MET,164,18.387,-20.624,-15.924,H,LYS,132,21.331,-20.727,-13.271,N,LYS,132,21.474,-21.257,-14.107,NO
1bf6BH,SD,MET,164,18.387,-20.624,-15.924,H,MET,164,16.436,-18.106,-16.093,N,MET,164,16.258,-18.237,-15.118,NO
1bf6BH,SD,MET,225,10.939,-5.804,-17.655,H,ASN,192,12.578,-7.144,-18.618,N,ASN,192,13.21,-7.826,-18.986,YES
1bf6BH,SD,MET,225,10.939,-5.804,-17.655,H,LEU,193,11.264,-7.782,-20.57,N,LEU,193,10.77,-8.557,-20.176,NO
1bf6BH,SD,MET,242,11.079,-0.854,-2.107,H,LEU,261,9.41,1.489,-0.512,N,LEU,261,9.194,2.186,-1.196,NO
1ugiDH,SD,MET,83,40.309,21.001,18.157,H,MET,83,37.215,23.225,19.261,N,MET,83,37.008,22.26,19.103,NO
1qjdH,SD,MET,79,20.67,52.365,58.612,H,LEU,99,19.416,51.595,60.321,N,LEU,99,18.752,51.621,61.069,YES
1qjdH,SD,MET,192,33.96,17.769,72.38,H,ALA,175,37.557,17.302,71.992,N,ALA,175,37.924,17.671,72.846,NO
1qjdH,SD,MET,235,33.084,23.114,83.426,H,MET,236,32.641,24.656,80.598,N,MET,236,32.581,25.635,80.795,NO
1qjdH,SD,MET,236,31.964,29.059,78.536,H,ALA,379,31.783,32.611,79.425,N,ALA,379,31.768,32.204,80.338,NO
1qjdH,SD,MET,274,33.108,40.851,52.625,H,MET,274,32.568,41.598,49.026,N,MET,274,31.846,40.983,49.343,NO
1qjdH,SD,MET,359,14.531,25.992,61.692,H,GLY,509,16.737,23.182,61.869,N,GLY,509,17.388,23.936,61.953,NO
1qjdH,SD,MET,375,28.069,36.223,75.968,H,VAL,376,26.224,38.446,78.281,N,VAL,376,27.1,38.763,77.917,NO
1qjdH,SD,MET,375,28.069,36.223,75.968,H,THR,377,30.596,37.388,78.447,N,THR,377,29.836,36.764,78.631,NO
1qjdH,SD,MET,507,19.776,25.777,70.726,H,GLN,363,18.177,28.896,70.862,N,GLN,363,17.636,28.784,71.696,NO
1qjdH,SD,MET,507,19.776,25.777,70.726,H,MET,507,18.218,26.373,68.139,N,MET,507,18.888,26.253,67.406,YES
1qjdH,SD,MET,507,19.776,25.777,70.726,H,ARG,544,21.348,24.561,73.154,N,ARG,544,21.797,23.693,73.366,YES
7fd1H,SD,MET,64,24.682,8.32,16.468,H,ASP,6,21.967,8.448,17.004,N,ASP,6,21.18,8.559,17.611,YES
1qtwH,SD,MET,215,69.265,4.933,5.576,H,ILE,178,66.011,5.711,5.238,N,ILE,178,65.334,5.628,4.507,NO
1qtwH,SD,MET,248,75.646,-1.306,9.394,H,MET,248,77.578,-0.003,6.157,N,MET,248,77.598,0.734,6.832,NO
1pcfAH,SD,MET,69,42.389,45.817,57.293,H,MET,69,42.817,44.779,60.838,N,MET,69,42.09,45.457,60.946,NO
1pcfAH,SD,MET,96,47.174,46.425,56.901,H,MET,96,50.772,47.868,56.484,N,MET,96,50.09,48.33,55.917,NO
1qq5AH,SD,MET,120,17.522,-2.432,37.267,H,TRP,59,15.486,-4.737,39.479,N,TRP,59,15.244,-4.762,38.509,NO
1qq5AH,SD,MET,120,17.522,-2.432,37.267,H,ALA,117,16.674,-1.064,39.697,N,ALA,117,16.756,-0.449,40.481,YES
1vcaAH,SD,MET,180,19.918,44.355,71.265,H,LEU,12,17.763,43.264,71.518,N,LEU,12,16.82,42.951,71.631,YES
1ytbAH,SD,MET,240,33.078,54.717,71.949,H,MET,240,34.534,55.742,68.495,N,MET,240,34.547,56.551,69.083,NO
1d7pH,SD,MET,2199,30.859,46.205,18.886,H,MET,2199,28.939,45.069,17.023,N,MET,2199,29.317,44.801,16.137,YES
1d7pH,SD,MET,2199,30.859,46.205,18.886,H,PHE,2200,31.349,43.568,16.484,N,PHE,2200,31.983,44.111,15.933,NO
1dciAH,SD,MET,120,77.131,27.685,-8.409,H,MET,120,80.703,26.66,-7.521,N,MET,120,80.34,27.155,-6.732,NO
1dciAH,SD,MET,232,97.752,36.904,-20.321,H,MET,232,100.504,38.312,-18.769,N,MET,232,100.414,37.379,-18.42,NO
1dciAH,SD,MET,252,105.274,24.06,-17.738,H,ILE,166,103.968,25.458,-14.998,N,ILE,166,103.189,24.831,-14.978,NO
1b4vH,SD,MET,58,6.305,-0.747,12.798,H,ILE,218,8.601,-1.708,14.93,N,ILE,218,9.248,-1.864,15.676,NO
1b4vH,SD,MET,104,20.419,12.609,12.896,H,SER,105,17.556,13.516,13.697,N,SER,105,17.582,13.847,14.64,YES
1b4vH,SD,MET,122,17.808,-4.73,8.507,H,MET,122,18.128,-6.177,12.21,N,MET,122,18.547,-7.084,12.256,NO
1xwlH,SD,MET,311,8.43,25.68,-8.564,H,THR,308,7.655,27.087,-10.803,N,THR,308,7.717,27.548,-11.688,NO
1xwlH,SD,MET,687,3.084,55.429,54.283,H,GLU,694,3.407,58.119,56.757,N,GLU,694,4.316,57.723,56.887,NO
1xwlH,SD,MET,701,11.189,52.103,59.054,H,THR,698,12.016,53.959,57.482,N,THR,698,12.226,54.811,57.002,YES
1xwlH,SD,MET,790,8.457,29.515,37.92,H,MET,790,6.076,27.961,40.327,N,MET,790,5.789,28.911,40.207,NO
1xwlH,SD,MET,841,14.133,61.806,20.48,H,MET,841,12.374,64.31,17.938,N,MET,841,11.556,63.85,18.283,NO
1qd1BH,SD,MET,2101,34.152,52.603,70.035,H,ARG,2179,33.257,53.564,66.318,N,ARG,2179,32.996,54.413,66.777,NO
1cf9BH,SD,MET,448,16.906,5.802,10.706,H,HIS,449,16.448,9.19,10.747,N,HIS,449,15.686,9.637,10.278,NO
1cf9BH,SD,MET,686,13.753,3.984,-49.018,H,MET,686,13.389,7.12,-46.683,N,MET,686,12.437,7.406,-46.574,NO
1cf9BH,SD,MET,729,10.681,26.335,-45.653,H,MET,729,8.091,27.943,-48.192,N,MET,729,7.69,27.11,-47.811,NO
1fncH,SD,MET,155,21.518,12.576,17.053,H,MET,271,17.828,11.72,17.997,N,MET,271,17.369,11.078,18.611,NO
1fncH,SD,MET,184,24.694,9.233,29.344,H,MET,184,28.127,7.346,29.742,N,MET,184,28.653,7.559,30.565,NO
1fncH,SD,MET,245,4.328,-1.19,22.74,H,ARG,250,5.873,2.009,21.698,N,ARG,250,5.154,2.186,22.37,NO
1fncH,SD,MET,277,14.118,6.102,15.201,H,THR,170,16.51,3.324,16.449,N,THR,170,15.963,2.752,17.06,NO
1fncH,SD,MET,277,14.118,6.102,15.201,H,CYS,272,17.138,7.411,17.429,N,CYS,272,17.615,8.076,16.854,NO
1thvH,SD,MET,112,0.849,2.15,18.948,H,ALA,88,-0.657,5.604,20.2,N,ALA,88,0.218,5.748,19.738,NO
2a0bH,SD,MET,667,25.177,43.989,60.134,H,LEU,668,22.424,42.015,61.676,N,LEU,668,22.607,41.853,60.706,NO
4xisH,SD,MET,88,19.231,31.03,41.024,H,ALA,89,22.306,29.375,41.079,N,ALA,89,21.582,28.83,40.657,NO
4xisH,SD,MET,88,19.231,31.03,41.024,H,VAL,135,21.573,31.5,43.811,N,VAL,135,22.021,32.239,44.314,NO
4xisH,SD,MET,370,12.591,72.001,36.011,H,MET,370,8.926,72.476,34.649,N,MET,370,9.644,72.643,33.974,NO
1qj4H,SD,MET,122,9.88,54.202,24.952,H,MET,122,10.9,51.454,27.609,N,MET,122,11.625,52.142,27.577,NO
1rb9H,SD,MET,1,0.861,-15.983,-2.604,H,ALA,16,2.723,-13.701,-0.518,N,ALA,16,2.94,-14.501,0.041,NO
1vfyH,SD,MET,177,9.932,17.448,35.905,H,VAL,198,10.626,14.966,37.022,N,VAL,198,11.352,14.481,37.51,YES
1fltVH,SD,MET,55,2.129,2.522,26.584,H,GLU,30,0.807,-0.291,24.211,N,GLU,30,0.765,0.541,23.657,NO
1dozH,SD,MET,177,21.107,16.367,7.297,H,LEU,178,21.49,17.182,10.236,N,LEU,178,20.634,16.901,10.669,YES
1dozH,SD,MET,177,21.107,16.367,7.297,H,ALA,217,20.077,19.945,7.466,N,ALA,217,20.649,19.959,6.646,NO
1dozH,SD,MET,289,9.659,24.096,17.745,H,MET,289,9.679,23.377,21.459,N,MET,289,10.491,23.948,21.34,NO
2cplH,SD,MET,136,43.794,27.146,13.622,H,GLY,96,42.969,25.199,10.289,N,GLY,96,42.351,25.982,10.217,NO
119lH,SD,MET,1,44.235,1.434,7.952,H,ASN,2,42.468,-0.099,10.564,N,ASN,2,41.902,-0.889,10.33,NO
1idoH,SD,MET,153,-9.15,7.854,-14.239,H,ASP,140,-8.123,10.111,-11.655,N,ASP,140,-7.57,9.632,-10.973,NO
1dqsAH,SD,MET,129,16.815,28.6,36.993,H,ARG,105,15.354,31.886,38.254,N,ARG,105,16.009,31.787,39.004,NO
1qgwBDH,SD,MET,2,-23.286,31.214,17.664,H,LYZ,4,-23.831,33.712,18.125,N,LYZ,4,-24.02,34.571,17.649,YES
1qgwBDH,SD,MET,2,-23.286,31.214,17.664,H,LYZ,4,-23.831,33.712,18.125,N,ALA,4,-27.624,37.469,40.094,NO
1qgwBDH,SD,MET,39,-15.952,41.174,43.79,H,TYR,26,-16.632,44.464,45.734,N,TYR,26,-17.451,44.932,45.403,NO
1qgwBDH,SD,MET,39,-15.952,41.174,43.79,H,TYR,26,-16.632,44.464,45.734,N,ALA,26,-24.279,32.898,50.452,NO
1qgwBDH,SD,MET,59,-9.064,21.292,15.753,H,ALA,130,-10.966,19.142,18.432,N,ALA,130,-10.602,18.949,19.343,NO
1b16AH,SD,MET,1,29.104,-1.142,-8.294,H,ASP,2,29.86,0.96,-11.232,N,ASP,2,28.9,0.88,-11.501,NO
1ajsAH,SD,MET,389,-28.064,-52.426,4.394,H,MET,389,-29.801,-49.111,3.656,N,MET,389,-30.414,-49.537,4.322,NO
1ecoH,SD,MET,108,-2.244,13.061,13.104,H,MET,108,-1.512,16.86,12.369,N,MET,108,-1.493,16.453,11.456,NO
3pviAH,SD,MET,86,32.237,20.761,11.761,H,ASN,87,34.008,18.713,9.52,N,ASN,87,34.166,17.77,9.812,NO
1b5eAH,SD,MET,134,28.879,1.35,24.035,H,MET,147,26.466,2.292,23.675,N,MET,147,25.484,2.465,23.602,YES
1b5eAH,SD,MET,143,29.221,3.423,30.799,H,ASN,93,27.494,6.136,28.768,N,ASN,93,28.38,6.593,28.697,NO
1xnbH,SD,MET,169,33.377,29.235,22.265,H,ALA,170,35.017,27.872,25.637,N,ALA,170,35.881,28.363,25.746,NO
1ubpH,SD,MET,55,-14.123,97.535,103.853,H,THR,52,-14.681,97.051,101.238,N,THR,52,-14.803,96.586,100.361,YES
1ubpH,SD,MET,55,-14.123,97.535,103.853,H,THR,52,-14.681,97.051,101.238,N,ASN,52,-12.821,124.742,68.927,NO
1ubpH,SD,MET,55,-14.123,97.535,103.853,H,THR,52,-14.681,97.051,101.238,N,GLU,52,-4.588,113.584,63.913,NO
1es5H,SD,MET,93,16.264,54.154,44.815,H,MET,93,16.251,52.559,48.466,N,MET,93,16.764,52.063,47.765,NO
1whiH,SD,MET,112,13.508,16.383,27.747,H,MET,112,12.055,15.079,30.834,N,MET,112,13.027,14.927,31.012,NO
1ah7H,SD,MET,106,38.04,6.223,27.716,H,MET,106,36.024,3.816,25.508,N,MET,106,35.839,4.706,25.09,NO
1bg2H,SD,MET,12,28.544,3.641,50.101,H,MET,12,25.962,2.336,48.379,N,MET,12,26.081,1.784,49.205,NO
1bg2H,SD,MET,122,46.105,22.167,48.875,H,MET,122,44.553,25.682,48.574,N,MET,122,45.349,25.595,49.173,NO
1bg2H,SD,MET,180,25.999,23.81,42.697,H,MET,180,27.989,26.318,40.397,N,MET,180,27.491,25.75,39.741,NO
1akoH,SD,MET,149,27.531,21.507,8.82,H,GLY,31,25.483,18.662,7.835,N,GLY,31,24.87,18.919,7.088,NO
1akoH,SD,MET,152,36.331,22.312,6.745,H,MET,152,37.235,19.641,5.737,N,MET,152,37.214,19.997,4.803,NO
1akoH,SD,MET,152,36.331,22.312,6.745,H,LEU,230,35.521,19.613,8.72,N,LEU,230,35.754,19.151,9.576,NO
1a3aDH,SD,MET,46,-28.494,-2.284,13.001,H,GLY,29,-31.674,-0.105,12.092,N,GLY,29,-31.895,-0.925,11.565,NO
3pteH,SD,MET,255,8.139,4.746,40.927,H,MET,255,7.123,5.738,37.625,N,MET,255,6.328,5.861,38.219,NO
3pteH,SD,MET,260,0.397,0.817,41.032,H,LEU,265,-1.028,3.329,43.546,N,LEU,265,-0.358,2.692,43.928,NO
1oaaH,SD,MET,132,-2.596,49.801,16.643,H,LEU,133,-1.466,46.348,16.68,N,LEU,133,-1.369,46.726,15.759,NO
1bteAH,SD,MET,90,5.025,42.528,18.984,H,LEU,12,6.721,38.932,18.982,N,LEU,12,6.6,39.171,19.946,NO
1bteAH,SD,MET,90,5.025,42.528,18.984,H,MET,90,7.757,42.382,16.78,N,MET,90,7.072,42.387,16.051,NO
1bueH,SD,MET,152,30.829,17.331,21.758,H,MET,152,33.246,20.366,22.625,N,MET,152,33.332,19.72,23.383,NO
2bbkHH,SD,MET,128,58.645,45.497,19.512,H,HIS,170,58.331,48.386,20.289,N,HIS,170,57.869,49.027,20.902,YES
2bbkHH,SD,MET,316,48.835,32.271,41.759,H,MET,316,51.651,31.163,44.214,N,MET,316,50.799,30.66,44.356,NO
1kapH,SD,MET,214,-12.357,29.644,-12.927,H,MET,214,-15.25,30.997,-10.69,N,MET,214,-15.09,31.526,-11.523,NO
1cv8H,SD,MET,48,-18.514,16.088,-8.871,H,GLY,26,-15.184,16.741,-7.855,N,GLY,26,-14.501,16.583,-8.568,NO
1cv8H,SD,MET,48,-18.514,16.088,-8.871,H,MET,48,-19.307,17.61,-12.219,N,MET,48,-19.631,16.675,-12.366,NO
7atjH,SD,MET,181,-11.523,-5.306,4.526,H,MET,181,-7.707,-5.278,4.288,N,MET,181,-7.783,-6.236,4.566,NO
1cydAH,SD,MET,122,21.521,25.18,27.781,H,MET,122,24.085,27.203,30.035,N,MET,122,23.715,27.691,30.826,NO
1zinH,SD,MET,176,39.87,17.018,4.055,H,LYS,177,40.091,14.295,6.736,N,LYS,177,40.406,13.992,5.837,NO
1zinH,SD,MET,179,35.47,8.74,2.59,H,GLY,7,32.649,6.632,3.124,N,GLY,7,32.18,6.861,2.271,NO
5nulH,SD,MET,15,19.208,22.481,15.208,H,GLY,86,21.16,23.37,18.256,N,GLY,86,22.012,23.792,17.945,NO
5nulH,SD,MET,15,19.208,22.481,15.208,H,SER,87,22.981,21.504,14.864,N,SER,87,22.428,21.082,15.582,NO
5nulH,SD,MET,15,19.208,22.481,15.208,H,VAL,117,19.639,19.746,17.84,N,VAL,117,18.913,19.341,18.396,NO
5nulH,SD,MET,56,31.611,18.835,11.258,H,THR,57,33.468,16.887,13.174,N,THR,57,33.609,16.753,14.155,NO
5nulH,SD,MET,103,30.368,31.241,23.668,H,MET,103,30.318,28.685,26.554,N,MET,103,30.905,29.422,26.89,NO
1qreH,SD,MET,55,27.099,71.793,53.442,H,MET,55,25.655,70.751,50.483,N,MET,55,24.949,70.392,51.093,NO
1qreH,SD,MET,135,10.684,66.148,57.608,H,MET,135,11.449,63.923,57.239,N,MET,135,12.298,63.413,57.103,YES
1cemH,SD,MET,58,-4.368,24.708,42.052,H,LEU,59,-3.09,21.582,44.171,N,LEU,59,-2.945,21.554,43.182,NO
1cemH,SD,MET,97,15.328,22.009,30.268,H,VAL,82,13.322,21.129,29.137,N,VAL,82,12.481,20.645,28.895,YES
1cemH,SD,MET,97,15.328,22.009,30.268,H,MET,97,14.954,25.764,31.227,N,MET,97,14.343,25.271,31.846,NO
1byqH,SD,MET,119,38.998,-62.799,74.047,H,LEU,29,39.276,-62.358,70.271,N,LEU,29,38.357,-62.693,70.481,NO
1cczH,SD,MET,139,32.343,56.51,20.608,H,LEU,134,29.016,55.57,22.123,N,LEU,134,29.349,55.933,22.993,NO
1mdcH,SD,MET,82,18.117,24.304,-8.88,H,GLY,66,19.091,27.732,-7.621,N,GLY,66,19.59,28.367,-8.211,NO
1bgfH,SD,MET,99,30.798,51.576,57.186,H,GLU,50,31.598,48.168,58.986,N,GLU,50,30.918,47.752,58.383,NO
4eugH,SD,MET,92,14.871,-1.589,22.457,H,MET,92,14.825,-5.45,21.972,N,MET,92,15.601,-5.989,22.3,NO
4eugH,SD,MET,221,14.067,-7.507,34.519,H,THR,104,15.543,-10.208,34.18,N,THR,104,15.96,-10.982,33.703,YES
1uroH,SD,MET,165,11.324,78.188,77.586,H,MET,165,10.884,80.967,74.779,N,MET,165,9.939,81.269,74.652,NO
1uroH,SD,MET,174,13.696,86.841,69.673,H,MET,174,12.902,90.19,68.786,N,MET,174,13.65,90.534,69.354,NO
1uroH,SD,MET,324,28.768,76.373,50.727,H,ASN,304,28.216,76.536,53.174,N,ASN,304,27.864,76.304,54.081,YES
1uroH,SD,MET,324,28.768,76.373,50.727,H,LEU,305,26.091,76.367,52.384,N,LEU,305,25.986,77.358,52.466,YES
1uroH,SD,MET,345,15.231,76.986,49.483,H,TYR,342,14.169,76.658,51.689,N,TYR,342,13.64,76.528,52.528,YES
1mroBH,SD,MET,196,15.859,52.065,-16.275,H,ASN,198,13.06,51.619,-13.47,N,ASN,198,12.286,52.164,-13.148,NO
1mroBH,SD,MET,223,1.571,38.416,-19.023,H,MET,223,-0.191,41.66,-20.324,N,MET,223,-0.039,41.118,-21.15,NO
1mroBH,SD,MET,397,14.427,51.109,-6.789,H,GLY,373,16.27,49.379,-9.246,N,GLY,373,15.529,49.031,-9.82,NO
1b9wH,SD,MET,64,-0.294,16.586,62.345,H,CYS,49,-2.471,18.386,62.25,N,CYS,49,-2.866,19.093,61.663,YES
1ra9H,SD,MET,16,29.049,27.712,9.854,H,ASN,18,30.131,26.289,7.004,N,ASN,18,30.237,25.332,6.735,NO
8abpH,SD,MET,100,25.724,52.394,67.352,H,SER,72,22.845,51.702,69.691,N,SER,72,23.052,50.754,69.45,NO
1cb0H,SD,MET,68,57.705,22.223,39.311,H,SER,70,60.979,22.614,37.258,N,SER,70,61.922,22.933,37.354,NO
1cb0H,SD,MET,169,66.594,20.376,24.254,H,VAL,170,65.26,23.507,22.465,N,VAL,170,65.801,24.183,22.966,NO
1cb0H,SD,MET,169,66.594,20.376,24.254,H,ASN,195,63.779,21.609,25.751,N,ASN,195,63.464,20.66,25.746,NO
1cb0H,SD,MET,217,67.239,8.369,22.697,H,GLY,105,64.302,8.881,20.34,N,GLY,105,64.27,8.165,19.643,NO
1cb0H,SD,MET,217,67.239,8.369,22.697,H,ALA,218,66.604,11.841,21.14,N,ALA,218,65.94,12.016,21.867,NO
1qe3H,SD,MET,221,-14.294,35.334,55.457,H,ALA,226,-17.37,33.168,56.066,N,ALA,226,-17.661,34.115,55.933,NO
1qh5AH,SD,MET,14,-7.704,72.775,43.032,H,VAL,31,-5.524,70.834,41.904,N,VAL,31,-5.86,70.562,41.002,YES
1qh5AH,SD,MET,14,-7.704,72.775,43.032,H,GLN,32,-8.403,70.607,41.716,N,GLN,32,-8.637,69.826,41.137,YES
1atlACH,SD,MET,20,-15.509,39.046,-11.72,H,MET,20,-13.509,37.65,-9.345,N,MET,20,-14.427,37.622,-8.95,NO
1atlACH,SD,MET,116,6.101,41.521,9.251,H,CYS,117,8.023,43.087,7.186,N,CYS,117,8.946,43.266,7.526,NO
1atlACH,SD,MET,136,-8.076,29.492,2.408,H,HIS,129,-7.719,28.444,-0.379,N,HIS,129,-8.26,28.247,-1.197,YES
1atlACH,SD,MET,136,-8.076,29.492,2.408,H,SER,130,-9.943,27.817,0.544,N,SER,130,-10.132,26.854,0.35,YES
1bdmBH,SD,MET,46,45.827,40.865,35.843,H,GLU,41,46.901,38.37,38.515,N,GLU,41,46.775,37.378,38.525,NO
1bdmBH,SD,MET,95,58.516,24.824,29.618,H,LYS,92,56.768,23.294,28.871,N,LYS,92,56.046,23.612,28.256,YES
1bdmBH,SD,MET,154,43.31,20.233,45.472,H,ALA,249,39.711,21.398,45.041,N,ALA,249,39.93,21.301,46.012,NO
1bdmBH,SD,MET,180,41.166,5.682,50.144,H,THR,181,43.12,6.32,52.422,N,THR,181,43.089,7.203,52.89,YES
1hcrAH,SD,MET,189,54.799,55.048,39.977,H,MET,189,57.133,58.146,39.255,N,MET,189,56.452,57.994,38.539,NO
153lH,SD,MET,94,11.451,26.243,34.824,H,THR,117,13.929,28.01,36.922,N,THR,117,13.721,28.879,36.472,NO
1ckeH,SD,MET,133,-0.264,30.527,35.44,H,MET,133,1.793,33.658,34.583,N,MET,133,1.402,33.793,35.493,NO
1qsaH,SD,MET,22,10.537,80.296,70.322,H,MET,22,10.673,83.759,69.729,N,MET,22,9.709,83.512,69.83,NO
1qsaH,SD,MET,495,1.322,54.016,43.561,H,THR,531,1.526,56.167,40.393,N,THR,531,1.932,55.355,39.973,NO
1qsaH,SD,MET,498,14.44,53.438,47.766,H,ALA,491,13.141,53.925,51.14,N,ALA,491,12.799,54.742,50.676,NO
16pkH,SD,MET,71,11.566,21.559,-1.71,H,MET,151,8.05,20.082,-0.613,N,MET,151,8.691,19.734,0.071,NO
16pkH,SD,MET,151,8.648,24.81,1.173,H,GLU,140,7.602,26.791,-1.531,N,GLU,140,6.8,26.195,-1.501,NO
16pkH,SD,MET,313,-9.563,59.803,-7.242,H,PHE,294,-5.967,60.927,-7.376,N,PHE,294,-6.38,61.108,-6.483,NO
16pkH,SD,MET,346,-5.049,58.757,-0.125,H,ALA,296,-3.387,62.055,-0.347,N,ALA,296,-4.335,62.367,-0.413,NO
16pkH,SD,MET,391,-16.764,44.515,16.263,H,GLY,361,-17.973,48.078,17.117,N,GLY,361,-18.481,47.403,17.652,NO
1tc1BH,SD,MET,74,-3.77,-6.118,34.731,H,MET,74,-6.856,-7.404,33.289,N,MET,74,-6.998,-7.007,34.196,NO
1bqkH,SD,MET,16,27.685,20.191,-3.723,H,MET,16,24.825,18.848,-5.141,N,MET,16,24.397,18.757,-4.242,NO
2cuaAH,SD,MET,160,6.675,0.934,6.476,H,GLY,89,5.352,2.196,3.831,N,GLY,89,4.42,1.847,3.731,NO
1toaAH,SD,MET,42,28.082,38.454,54.413,H,MET,42,29.978,37.809,53.101,N,MET,42,30.419,36.913,53.046,YES
1toaAH,SD,MET,281,30.192,35.087,56.597,H,TYR,291,29.795,31.19,56.062,N,TYR,291,29.219,31.621,56.757,NO
2myrH,SD,MET,350,51.751,110.412,39.799,H,MET,350,51.29,109.113,37.799,N,MET,350,50.405,108.751,37.505,YES
2myrH,SD,MET,351,52.972,110.105,31.823,H,THR,348,53.798,108.636,33.85,N,THR,348,54.511,108.279,34.453,YES
2myrH,SD,MET,393,31.442,115.2,51.868,H,MET,393,30.415,116.113,48.315,N,MET,393,30.469,115.114,48.311,NO
1msiH,SD,MET,21,17.146,7.789,8.982,H,THR,18,18.689,9.714,7.772,N,THR,18,19.422,10.007,7.158,YES
1msiH,SD,MET,59,21.206,6.679,20.335,H,MET,56,22.321,8.946,20.494,N,MET,56,22.574,9.876,20.76,YES
1ushH,SD,MET,259,15.442,48.968,6.413,H,MET,259,14.036,47.212,3.376,N,MET,259,13.617,48.112,3.498,NO
1ushH,SD,MET,453,-6.177,75.366,13.141,H,MET,453,-6.581,77.597,16.366,N,MET,453,-6.979,78.085,15.589,NO
1c90AH,SD,MET,1,68.825,34.33,-1.301,H,GLN,2,71.671,36.268,0.396,N,GLN,2,72.583,35.866,0.484,NO
1c90AH,SD,MET,1,68.825,34.33,-1.301,H,PHE,49,69.57,37.388,1.022,N,PHE,49,68.636,37.728,0.914,NO
1byiH,SD,MET,156,9.455,36.852,-2.547,H,MET,156,6.748,33.992,-2.064,N,MET,156,6.743,34.664,-1.323,NO
1xikAH,SD,MET,163,-1.492,-11.68,35.035,H,MET,163,1.763,-12.237,37.277,N,MET,163,2.37,-12.941,36.909,NO
1xikAH,SD,MET,224,1.621,18.519,65.314,H,TYR,62,2.837,18.608,68.568,N,TYR,62,1.885,18.598,68.873,NO
1xikAH,SD,MET,224,1.621,18.519,65.314,H,MET,224,1.57,21.911,64.82,N,MET,224,1.304,21.793,63.863,NO
2nacAH,SD,MET,157,17.866,25.118,49.768,H,GLY,307,16.276,28.224,51.233,N,GLY,307,17.231,28.458,51.053,NO
2nacAH,SD,MET,244,32.282,33.487,43.036,H,THR,196,31.379,29.883,43.59,N,THR,196,30.466,29.943,43.994,NO
2nacAH,SD,MET,324,12.475,36.488,51.174,H,MET,324,8.852,35.422,52.022,N,MET,324,8.146,35.605,51.338,NO
2nacAH,SD,MET,329,14.732,30.651,52.592,H,GLY,307,16.276,28.224,51.233,N,GLY,307,17.231,28.458,51.053,YES
2nacAH,SD,MET,329,14.732,30.651,52.592,H,MET,329,11.942,28.937,50.716,N,MET,329,12.565,28.156,50.767,NO
1bg6H,SD,MET,138,18.002,16.901,42.59,H,LEU,139,16.669,14.099,42.338,N,LEU,139,15.804,13.904,42.8,YES
1bg6H,SD,MET,138,18.002,16.901,42.59,H,PHE,140,16.592,14.5,45.066,N,PHE,140,16.085,13.785,45.548,NO
1bg6H,SD,MET,201,1.389,24.899,40.68,H,MET,201,4.64,25.59,38.539,N,MET,201,4.125,26.427,38.725,NO
1qh8AH,SD,MET,277,34.182,14.056,49.673,H,GLY,225,36.869,15.52,50.31,N,GLY,225,36.798,16.368,49.785,YES
1qh8AH,SD,MET,353,42.953,17.12,32.628,H,TYR,352,42.655,17.286,29.618,N,TYR,352,41.843,17.773,29.296,YES
1qh8AH,SD,MET,353,42.953,17.12,32.628,H,MET,353,39.206,16.937,31.575,N,MET,353,39.861,16.185,31.499,NO
1qh8AH,SD,MET,461,52.451,19.89,33.194,H,MET,461,55.808,20.236,34.953,N,MET,461,56.014,19.684,34.145,NO
1a4iBH,SD,MET,278,-1.583,13.566,32.878,H,SER,13,-2.653,10.179,33.563,N,SER,13,-3.417,10.231,32.92,NO
1a4iBH,SD,MET,284,-0.619,9.898,20.047,H,MET,284,-0.645,12.603,22.765,N,MET,284,-0.899,13.038,21.901,NO
1qf9H,SD,MET,124,34.305,60.995,-17.321,H,GLY,14,38.079,60.913,-18.477,N,GLY,14,38.236,61.9,-18.461,NO
1fasH,SD,MET,33,22.0,26.814,11.296,H,MET,33,23.886,23.974,12.962,N,MET,33,24.354,23.209,12.519,NO
3pypH,SD,MET,100,10.689,-2.307,-19.594,H,TYR,98,9.804,0.557,-20.7,N,TYR,98,9.1,0.502,-21.408,YES
3btoAH,SD,MET,40,15.405,-13.605,5.757,H,VAL,41,15.204,-15.103,2.084,N,VAL,41,15.601,-16.01,1.942,NO
1qq4H,SD,MET,138,17.306,36.248,11.636,H,GLY,139,17.65,34.146,8.583,N,GLY,139,17.152,35.007,8.48,NO
1sluH,SD,MET,84,-5.246,-34.382,11.134,H,GLN,192,-5.071,-33.701,7.694,N,GLN,192,-6.037,-33.494,7.848,NO
1sluH,SD,MET,180,-8.96,-37.028,24.233,H,THR,177,-9.296,-39.041,26.336,N,THR,177,-8.911,-39.256,27.233,YES
1aayH,SD,MET,141,20.064,-2.276,47.6,H,MET,141,18.931,1.034,46.885,N,MET,141,19.442,1.248,47.718,NO
2lisH,SD,MET,118,26.489,45.741,71.13,H,LEU,115,26.222,48.172,70.19,N,LEU,115,25.636,48.949,69.963,YES
1qipBH,SD,MET,35,68.416,32.101,0.323,H,LEU,36,66.826,28.931,0.664,N,LEU,36,66.361,29.674,1.146,NO
2cypH,SD,MET,230,35.584,95.13,46.641,H,MET,231,39.042,93.343,47.085,N,MET,231,38.232,92.762,47.01,NO
1arbH,SD,MET,50,-4.208,-23.863,-2.188,H,ALA,123,-3.625,-27.136,-2.51,N,ALA,123,-2.63,-27.154,-2.414,NO
1arbH,SD,MET,60,2.309,-9.142,-6.99,H,MET,60,-0.964,-6.969,-7.584,N,MET,60,-0.349,-7.1,-8.361,NO
1mroCH,SD,MET,168,30.16,25.045,8.858,H,SER,90,26.922,24.611,10.308,N,SER,90,26.636,24.292,9.404,NO
1mroCH,SD,MET,211,21.471,14.817,16.286,H,MET,211,21.763,17.239,19.2,N,MET,211,21.146,17.716,18.574,NO
1qfmH,SD,MET,583,37.048,33.04,73.052,H,MET,583,38.067,33.334,69.233,N,MET,583,38.838,33.487,69.851,NO
3stdAH,SD,MET,61,27.834,11.618,45.29,H,PHE,66,29.391,14.922,46.308,N,PHE,66,29.959,14.412,45.661,NO
3stdAH,SD,MET,118,43.333,18.181,25.02,H,MET,118,46.832,17.056,23.676,N,MET,118,46.731,17.828,23.048,NO
6celH,SD,MET,149,38.43,59.252,82.869,H,CYS,172,35.796,56.611,82.573,N,CYS,172,35.646,55.875,81.912,NO
1gciH,SD,MET,119,2.186,-17.613,-3.588,H,ALA,29,3.113,-21.332,-4.525,N,ALA,29,3.364,-20.877,-5.38,NO
1gciH,SD,MET,222,12.372,-32.624,-14.034,H,MET,222,11.077,-33.698,-11.547,N,MET,222,10.427,-32.938,-11.526,YES
1dp7PH,SD,MET,52,39.951,34.247,40.801,H,MET,52,37.28,32.776,42.8,N,MET,52,38.138,32.389,43.138,NO
1cs1AH,SD,MET,252,37.51,5.623,18.099,H,MET,252,40.769,7.378,16.945,N,MET,252,40.655,6.638,16.282,NO
1cs1AH,SD,MET,340,31.919,-14.777,19.53,H,HIS,336,30.862,-13.987,17.491,N,HIS,336,30.552,-13.517,16.665,YES
1qksAH,SD,MET,123,34.141,8.081,50.107,H,MET,123,37.434,7.359,51.509,N,MET,123,36.904,7.715,52.279,NO
1qksAH,SD,MET,227,0.958,24.649,25.132,H,THR,231,3.495,22.463,25.171,N,THR,231,4.398,22.383,24.748,NO
1qksAH,SD,MET,250,-12.121,4.037,40.065,H,GLU,251,-12.26,5.022,36.935,N,GLU,251,-12.157,6.012,36.84,NO
1qksAH,SD,MET,250,-12.121,4.037,40.065,H,ARG,309,-9.678,1.926,42.083,N,ARG,309,-10.645,1.944,42.338,NO
1qksAH,SD,MET,287,8.636,2.192,63.439,H,TYR,294,12.238,1.255,64.071,N,TYR,294,11.984,1.19,63.106,NO
1qs1AH,SD,MET,232,-16.146,87.04,7.552,H,GLY,222,-16.429,84.034,5.472,N,GLY,222,-17.025,84.552,4.859,NO
1qs1AH,SD,MET,232,-16.146,87.04,7.552,H,LEU,233,-16.159,83.402,8.13,N,LEU,233,-15.31,83.189,8.613,NO
1qs1AH,SD,MET,281,-4.21,74.304,-20.652,H,MET,281,-5.644,76.107,-17.446,N,MET,281,-5.121,76.791,-17.954,NO
1qs1AH,SD,MET,353,16.897,66.347,4.155,H,MET,353,17.066,65.46,0.298,N,MET,353,17.196,66.446,0.195,NO
2pthH,SD,MET,67,50.62,41.361,48.521,H,ALA,9,48.721,42.099,51.871,N,ALA,9,47.973,41.436,51.846,NO
1nwpAH,SD,MET,44,8.802,23.74,8.991,H,MET,13,8.933,21.941,5.491,N,MET,13,9.16,20.97,5.571,NO
1mpgBH,SD,MET,174,41.644,70.097,22.713,H,ALA,179,42.177,73.74,21.663,N,ALA,179,42.059,73.195,20.833,NO
1mpgBH,SD,MET,196,42.31,62.936,5.191,H,PHE,114,42.255,61.362,8.489,N,PHE,114,42.852,61.935,9.05,NO
1rieH,SD,MET,87,20.621,10.327,22.137,H,ALA,88,18.402,9.141,19.868,N,ALA,88,18.06,9.858,19.261,NO
1lucBH,SD,MET,11,32.109,-10.265,2.766,H,SER,17,34.424,-8.148,0.844,N,SER,17,34.004,-7.24,0.849,NO
1lucBH,SD,MET,302,17.776,3.695,-3.023,H,GLN,232,15.119,3.762,-2.539,N,GLN,232,14.224,3.32,-2.475,YES
1stnH,SD,MET,98,0.527,28.187,13.136,H,GLU,101,1.132,26.049,10.906,N,GLU,101,0.785,25.127,10.733,YES
1qrrH,SD,MET,107,81.046,94.157,31.847,H,PHE,181,79.927,91.792,31.22,N,PHE,181,79.672,90.968,30.715,YES
1moqH,SD,MET,343,33.148,33.979,-4.92,H,ILE,344,33.599,34.15,-1.625,N,ILE,344,34.586,33.989,-1.628,NO
1moqH,SD,MET,390,43.926,23.729,0.866,H,MET,390,44.154,25.62,4.151,N,MET,390,43.182,25.461,3.977,NO
1qnjH,SD,MET,180,13.379,8.967,11.809,H,LYS,177,14.949,9.384,13.608,N,LYS,177,15.585,9.816,14.247,YES
5p21H,SD,MET,1,-3.115,34.766,-4.908,H,LEU,52,-2.209,31.888,-2.488,N,LEU,52,-1.521,32.609,-2.405,NO
5p21H,SD,MET,67,-11.14,27.396,23.483,H,MET,67,-8.48,24.545,23.782,N,MET,67,-8.829,24.31,22.875,NO
1uxyH,SD,MET,213,8.4,24.422,4.876,H,ASP,192,8.894,27.343,5.877,N,ASP,192,8.575,28.273,5.692,YES
1cxqH,SD,MET,177,67.391,31.208,36.249,H,MET,177,67.68,35.063,36.701,N,MET,177,66.934,34.584,37.163,NO
1cxqH,SD,MET,193,45.5,37.791,41.421,H,VAL,90,46.397,38.688,43.995,N,VAL,90,46.53,38.65,44.985,YES
1vjsH,SD,MET,15,26.481,3.813,24.552,H,GLU,12,28.195,5.713,23.659,N,GLU,12,28.321,6.705,23.633,NO
1vjsH,SD,MET,256,19.456,11.306,3.161,H,MET,256,18.06,14.271,3.276,N,MET,256,18.868,14.848,3.155,NO
1vjsH,SD,MET,438,19.533,39.228,30.269,H,TRP,411,20.478,36.004,28.39,N,TRP,411,21.001,36.578,27.76,NO
1tfeH,SD,MET,102,-0.304,1.536,13.857,H,MET,102,-3.522,0.119,12.065,N,MET,102,-3.007,-0.671,12.397,NO
1ftrAH,SD,MET,20,33.695,73.094,-0.822,H,VAL,164,35.018,70.212,-2.783,N,VAL,164,34.525,69.777,-3.537,NO
1ftrAH,SD,MET,20,33.695,73.094,-0.822,H,GLY,250,35.474,70.044,-0.022,N,GLY,250,36.181,70.119,0.681,NO
1ftrAH,SD,MET,260,39.272,60.867,1.375,H,ASN,168,35.986,60.247,2.259,N,ASN,168,35.529,60.839,2.923,NO
7a3hH,SD,MET,49,63.507,49.676,17.376,H,ASN,45,62.94,53.228,18.819,N,ASN,45,61.987,53.495,18.678,NO
1ammH,SD,MET,69,17.153,15.109,33.538,H,MET,69,15.699,16.438,36.003,N,MET,69,15.263,16.821,35.188,NO
1ammH,SD,MET,102,14.402,12.728,4.246,H,SER,103,16.685,14.628,6.404,N,SER,103,17.069,14.011,5.717,NO
1ammH,SD,MET,102,14.402,12.728,4.246,H,GLU,104,16.734,10.17,6.249,N,GLU,104,16.12,10.75,6.785,NO
1nbcAH,SD,MET,81,9.665,28.634,16.478,H,THR,90,8.842,27.157,13.164,N,THR,90,8.456,26.453,13.76,NO
1a8iH,SD,MET,350,53.32,6.858,41.884,H,TRP,365,55.18,3.608,40.581,N,TRP,365,54.214,3.82,40.436,NO
1a8iH,SD,MET,441,49.387,21.113,38.014,H,MET,441,49.119,22.357,34.463,N,MET,441,49.583,21.475,34.381,NO
1a8iH,SD,MET,618,30.779,47.387,28.538,H,MET,618,30.862,43.392,28.427,N,MET,618,29.89,43.625,28.437,NO
1a8iH,SD,MET,679,26.201,16.058,22.073,H,MET,679,24.483,19.403,21.187,N,MET,679,23.658,19.379,20.623,NO
1a8iH,SD,MET,764,36.637,41.804,19.479,H,LEU,765,35.803,45.11,18.156,N,LEU,765,36.505,44.593,17.666,NO
1b4kAH,SD,MET,177,118.442,43.89,9.591,H,LYS,205,118.651,43.714,6.643,N,LYS,205,118.948,43.2,5.838,YES
1b4kAH,SD,MET,256,133.748,41.842,9.628,H,MET,256,131.712,44.865,10.041,N,MET,256,132.33,45.093,9.289,NO
1lamH,SD,MET,171,52.879,60.662,14.149,H,GLY,469,51.198,61.747,16.331,N,GLY,469,50.63,62.564,16.433,YES
1lamH,SD,MET,178,51.624,56.658,4.513,H,PHE,183,54.131,56.426,1.54,N,PHE,183,53.532,57.184,1.283,NO
1lamH,SD,MET,274,54.876,57.106,9.98,H,MET,274,57.133,56.394,11.435,N,MET,274,58.045,56.792,11.333,YES
1lamH,SD,MET,364,64.059,63.379,24.626,H,GLY,374,61.434,65.639,23.009,N,GLY,374,61.506,66.584,23.328,NO
1lamH,SD,MET,467,51.35,55.558,16.726,H,MET,467,47.924,56.444,16.952,N,MET,467,48.244,57.069,17.665,NO
1edgH,SD,MET,23,20.037,20.682,14.069,H,MET,23,23.55,21.122,13.011,N,MET,23,23.351,20.178,12.747,NO
1edgH,SD,MET,66,20.455,-9.933,4.881,H,THR,63,23.141,-10.111,5.216,N,THR,63,23.969,-10.56,5.551,YES
1edgH,SD,MET,266,-7.074,-2.762,11.526,H,MET,266,-4.816,-5.321,13.338,N,MET,266,-5.314,-4.957,14.125,NO
1edgH,SD,MET,266,-7.074,-2.762,11.526,H,ASN,272,-8.126,0.634,10.043,N,ASN,272,-7.146,0.711,10.225,NO
1edgH,SD,MET,289,7.015,15.248,11.929,H,ALA,330,8.601,14.872,8.41,N,ALA,330,8.871,15.739,8.829,NO
1tgxAH,SD,MET,31,24.798,11.437,-2.605,H,MET,31,24.479,11.328,-0.237,N,MET,31,24.634,11.792,0.635,YES
1tgxAH,SD,MET,52,22.172,11.538,13.038,H,LYS,23,19.202,13.852,11.811,N,LYS,23,19.564,14.753,11.572,NO
8rucAIH,SD,MET,266,-26.77,36.827,33.14,H,ASP,202,-25.597,34.815,30.203,N,ASP,202,-26.23,34.166,29.781,NO
8rucAIH,SD,MET,472,-54.119,39.585,39.279,H,MET,472,-51.707,41.865,37.529,N,MET,472,-52.554,42.323,37.8,NO
1auoAH,SD,MET,175,48.406,22.535,53.682,H,GLN,172,45.876,24.243,54.191,N,GLN,172,44.878,24.301,54.19,YES
1auoAH,SD,MET,197,33.087,24.389,58.642,H,LEU,202,31.445,22.655,61.526,N,LEU,202,31.213,23.4,62.152,NO
1nkrH,SD,MET,33,-25.654,72.683,-1.457,H,MET,33,-25.12,75.926,-0.373,N,MET,33,-24.444,75.668,-1.064,NO
1nkrH,SD,MET,69,-1.457,71.02,-16.331,H,THR,70,-1.146,71.997,-19.824,N,THR,70,-0.351,71.495,-20.163,NO
1smlH,SD,MET,59,3.716,34.476,23.421,H,MET,56,6.206,34.266,23.641,N,MET,56,7.146,34.565,23.477,YES
1smlH,SD,MET,157,13.855,41.48,39.595,H,ALA,166,14.244,44.666,37.953,N,ALA,166,13.563,44.376,37.281,NO
1smlH,SD,MET,157,13.855,41.48,39.595,H,ASP,184,11.84,41.199,37.937,N,ASP,184,11.167,40.518,37.646,YES
2driH,SD,MET,193,50.356,43.205,42.574,H,ALA,162,51.604,43.831,39.491,N,ALA,162,52.28,44.554,39.348,NO
2driH,SD,MET,193,50.356,43.205,42.574,H,PHE,164,52.238,41.475,42.152,N,PHE,164,52.901,41.069,42.781,YES
2driH,SD,MET,193,50.356,43.205,42.574,H,ASP,165,53.512,42.83,44.209,N,ASP,165,53.661,42.357,45.078,NO
2driH,SD,MET,210,33.639,47.805,44.873,H,ALA,120,30.617,48.067,42.347,N,ALA,120,30.033,48.871,42.46,NO
1pdoH,SD,MET,97,17.31,26.003,36.382,H,ASN,94,20.476,27.764,37.678,N,ASN,94,21.318,28.192,37.349,NO
1nddBH,SD,MET,101,33.995,-8.267,47.837,H,GLY,163,31.167,-9.796,48.115,N,GLY,163,30.508,-9.428,47.459,NO
1qk5AH,SD,MET,210,40.795,14.641,54.694,H,PHE,211,38.089,14.963,53.626,N,PHE,211,37.33,14.313,53.647,YES
1qsgGH,SD,MET,159,30.307,27.541,50.001,H,PHE,94,28.714,28.487,53.491,N,PHE,94,28.707,27.739,54.155,NO
7odcH,SD,MET,221,-15.955,33.154,1.748,H,ARG,178,-12.057,33.517,1.364,N,ARG,178,-12.019,33.74,0.39,NO
1kp6H,SD,MET,72,19.996,0.722,10.448,H,TYR,62,22.697,0.051,12.952,N,TYR,62,22.621,-0.746,12.352,NO
1h2rSH,SD,MET,2,55.456,17.166,72.354,H,GLY,3,53.655,16.936,73.13,N,GLY,3,53.479,16.259,73.844,YES
1h2rSH,SD,MET,49,57.111,28.66,83.371,H,HIS,45,57.036,29.008,80.702,N,HIS,45,57.272,29.327,79.784,YES
1h2rSH,SD,MET,94,70.15,36.195,82.044,H,ALA,15,69.323,38.379,78.817,N,ALA,15,68.656,38.618,79.522,NO
1mlaH,SD,MET,18,41.39,16.068,10.503,H,THR,15,42.789,16.496,13.084,N,THR,15,42.972,16.259,14.038,YES
1mlaH,SD,MET,132,39.403,1.895,22.684,H,SER,200,36.367,0.765,22.347,N,SER,200,35.81,-0.062,22.272,NO
1vieH,SD,MET,26,38.597,39.275,44.057,H,MET,26,41.814,38.528,46.29,N,MET,26,42.342,38.796,45.484,NO
1phnAH,SD,MET,94,2.116,-34.488,12.307,H,MET,94,2.522,-38.24,11.362,N,MET,94,1.536,-38.135,11.492,NO
2arcBH,SD,MET,164,18.575,9.159,32.889,H,MET,164,20.977,11.976,31.91,N,MET,164,20.741,11.633,31.001,NO
1c3dH,SD,MET,25,7.95,3.931,33.039,H,TYR,60,5.981,3.46,29.64,N,TYR,60,6.4,2.592,29.906,NO
1c3dH,SD,MET,281,10.696,9.641,46.397,H,MET,281,13.027,11.225,43.741,N,MET,281,12.164,11.729,43.755,NO
1tyvH,SD,MET,448,89.873,63.596,86.391,H,LEU,424,90.766,59.897,86.762,N,LEU,424,90.747,59.453,85.866,NO
1tyvH,SD,MET,448,89.873,63.596,86.391,H,ASN,425,90.509,61.656,84.534,N,ASN,425,90.017,61.216,83.783,YES
1tyvH,SD,MET,448,89.873,63.596,86.391,H,HIS,426,87.754,62.47,83.643,N,HIS,426,87.762,62.62,82.654,NO
1tyvH,SD,MET,448,89.873,63.596,86.391,H,MET,448,92.808,65.929,87.778,N,MET,448,92.839,65.942,86.779,NO
1qh4AH,SD,MET,12,17.935,-4.325,27.024,H,MET,12,15.899,-0.916,26.601,N,MET,12,16.81,-0.688,26.945,NO
1qh4AH,SD,MET,30,19.199,-8.276,42.965,H,ALA,31,20.462,-9.387,46.461,N,ALA,31,21.034,-9.495,45.648,NO
1qh4AH,SD,MET,70,21.122,-12.208,52.612,H,THR,71,17.451,-10.805,53.083,N,THR,71,16.868,-11.587,53.306,NO
1qh4AH,SD,MET,207,1.072,-8.606,47.639,H,ALA,208,0.869,-5.664,45.444,N,ALA,208,0.089,-6.288,45.411,NO
1qcxH,SD,MET,237,30.34,15.47,10.655,H,VAL,214,29.644,17.431,13.704,N,VAL,214,28.838,18.004,13.557,NO
1wapBH,SD,MET,70,-49.337,-2.156,17.464,H,LYS,71,-51.65,0.778,17.32,N,LYS,71,-51.253,1.651,17.602,NO
9wgaAH,SD,MET,10,1.891,-11.232,2.537,H,MET,10,-1.616,-11.199,4.453,N,MET,10,-1.386,-10.23,4.365,NO
9wgaAH,SD,MET,26,-12.062,-3.391,-6.982,H,GLY,27,-15.002,-5.499,-6.544,N,GLY,27,-15.252,-6.285,-7.109,NO
1aylH,SD,MET,151,39.674,0.217,16.821,H,MET,151,42.717,-2.088,17.753,N,MET,151,41.871,-2.232,18.266,NO
1dhnH,SD,MET,1,19.117,41.208,90.359,H,GLN,2,19.805,37.483,90.286,N,GLN,2,20.723,37.877,90.239,NO
1dhnH,SD,MET,1,19.117,41.208,90.359,H,ASP,3,19.788,39.548,88.647,N,ASP,3,20.122,39.142,87.796,YES
6gsvBH,SD,MET,108,20.835,11.248,18.862,H,MET,108,19.236,8.829,21.153,N,MET,108,20.134,8.419,20.99,NO
6gsvBH,SD,MET,134,14.996,-2.384,26.248,H,MET,134,15.578,-0.834,29.841,N,MET,134,14.677,-0.499,29.566,NO
3grsH,SD,MET,69,69.001,45.969,3.448,H,MET,69,69.724,44.742,7.034,N,MET,69,70.378,44.27,6.443,NO
3grsH,SD,MET,79,81.099,41.314,-5.011,H,GLY,92,79.85,41.021,-8.794,N,GLY,92,80.086,41.743,-9.444,NO
3grsH,SD,MET,202,70.233,54.004,8.251,H,MET,202,73.88,54.135,9.852,N,MET,202,74.186,53.52,9.125,NO
3grsH,SD,MET,216,76.67,68.54,6.795,H,VAL,251,74.032,70.858,8.643,N,VAL,251,74.493,71.461,7.992,NO
1cl8H,SD,MET,137,16.778,17.433,-9.103,H,ALA,138,17.558,18.66,-11.977,N,ALA,138,18.45,19.093,-11.848,NO
1ervH,SD,MET,74,34.544,12.439,2.491,H,MET,74,32.945,8.817,2.88,N,MET,74,33.783,9.123,3.332,NO
1bsmAH,SD,MET,24,29.365,16.053,52.693,H,MET,24,25.752,14.752,51.974,N,MET,24,26.215,14.063,51.417,NO
1bsmAH,SD,MET,110,41.652,31.049,47.622,H,LYS,111,40.011,34.647,47.778,N,LYS,111,39.779,33.981,47.069,NO
1lclH,SD,MET,81,-12.423,24.598,70.966,H,GLY,59,-11.901,25.033,68.599,N,GLY,59,-11.616,24.88,67.653,YES
1lclH,SD,MET,81,-12.423,24.598,70.966,H,PHE,83,-14.532,26.663,73.219,N,PHE,83,-15.332,27.261,73.163,NO
1lclH,SD,MET,123,6.371,35.351,80.402,H,VAL,124,3.691,36.686,82.584,N,VAL,124,3.729,35.687,82.596,NO
1smdH,SD,MET,287,20.101,55.344,12.414,H,VAL,253,16.64,55.924,10.574,N,VAL,253,15.992,55.204,10.325,NO
1smdH,SD,MET,328,15.245,63.424,21.486,H,VAL,296,13.182,60.81,23.426,N,VAL,296,13.964,60.186,23.434,NO
1smdH,SD,MET,339,5.78,58.282,23.598,H,SER,340,4.297,60.826,23.573,N,SER,340,4.512,61.605,24.162,YES
1bfdH,SD,MET,310,103.275,26.781,142.733,H,MET,310,101.297,27.134,140.382,N,MET,310,102.099,27.22,139.791,NO
1bfdH,SD,MET,321,87.806,14.386,142.004,H,LEU,185,86.589,14.452,139.714,N,LEU,185,85.983,14.292,138.935,YES
1czfAH,SD,MET,150,15.976,33.877,-14.903,H,MET,150,17.386,33.076,-16.857,N,MET,150,18.322,32.738,-16.958,YES
1dvjAH,SD,MET,12,33.527,11.071,22.563,H,ASN,13,32.373,11.126,25.675,N,ASN,13,31.415,10.87,25.543,NO
1dvjAH,SD,MET,19,16.705,3.497,17.241,H,ASP,20,15.049,3.405,20.81,N,ASP,20,15.154,2.439,20.574,NO
1dvjAH,SD,MET,19,16.705,3.497,17.241,H,LEU,21,14.268,2.871,18.378,N,LEU,21,13.354,2.479,18.487,YES
1dvjAH,SD,MET,145,22.065,-12.088,43.441,H,ALA,103,20.696,-15.582,43.398,N,ALA,103,20.927,-15.306,42.465,NO
1a12AH,SD,MET,110,3.452,-39.178,2.783,H,GLY,46,6.467,-37.36,0.916,N,GLY,46,6.473,-37.35,1.916,NO
1a12AH,SD,MET,309,19.894,-11.142,-0.498,H,VAL,350,18.424,-14.799,-0.118,N,VAL,350,18.098,-14.851,-1.062,NO
1mfiAH,SD,MET,47,-9.576,24.74,-9.622,H,ASN,8,-12.889,25.499,-10.916,N,ASN,8,-12.649,26.47,-10.915,NO
1bi5H,SD,MET,1,60.489,69.437,81.222,H,VAL,2,56.827,70.56,81.449,N,VAL,2,56.931,71.409,80.932,NO
1bi5H,SD,MET,64,12.135,57.242,37.378,H,MET,64,12.508,54.12,38.82,N,MET,64,13.207,54.522,39.411,NO
1bi5H,SD,MET,158,34.657,49.017,61.686,H,ALA,140,34.858,45.963,61.047,N,ALA,140,35.791,45.664,60.845,YES
1bi5H,SD,MET,158,34.657,49.017,61.686,H,ASP,141,36.874,47.725,61.086,N,ASP,141,37.5,47.663,60.309,YES
1bi5H,SD,MET,159,32.34,55.932,63.687,H,MET,159,33.124,52.73,61.552,N,MET,159,32.704,52.678,62.458,NO
2bc2AH,SD,MET,138,21.011,19.35,38.641,H,LYS,139,22.161,20.457,41.81,N,LYS,139,22.123,21.441,41.633,NO
1nifH,SD,MET,340,3.765,40.031,-15.735,H,MET,340,5.654,40.248,-18.558,N,MET,340,5.377,40.43,-19.501,NO
4pgaAH,SD,MET,137,42.775,135.771,99.707,H,GLY,136,42.258,132.61,98.281,N,GLY,136,43.028,132.001,98.471,NO
4pgaAH,SD,MET,137,42.775,135.771,99.707,H,MET,137,44.046,134.146,99.5,N,MET,137,44.988,133.932,99.243,YES
4pgaAH,SD,MET,161,45.96,124.27,95.318,H,GLY,124,47.272,126.279,93.988,N,GLY,124,47.43,127.092,93.428,YES
1cy5H,SD,MET,1,-2.732,4.74,19.225,H,ARG,6,-4.587,6.402,21.986,N,ARG,6,-3.815,7.008,21.794,NO
1dgfAH,SD,MET,350,34.35,64.01,54.683,H,ASP,157,37.854,64.328,55.243,N,ASP,157,37.747,65.021,54.53,NO
1dgfAH,SD,MET,392,10.345,43.909,40.541,H,MET,392,12.334,45.072,37.472,N,MET,392,12.449,45.979,37.876,NO
