File,S_RID,H_RID,N_RID
1c5eAH,38,50,50
1qgiH,140,63,63
1hfcH,160,157,157
1b6gH,268,149,149
2porH,181,207,207
1mrjH,246,246,246
1gpeAH,190,190,190
1abaH,37,41,41
1dbwBH,57,11,11
1gofH,233,617,617
1gofH,382,383,383
1plcH,57,39,39
1b6aH,191,188,188
1b6aH,355,292,292
1ceqH,72,72,72
1qlwAH,301,301,301
1c24H,112,233,233
1qh8BH,243,337,337
1c3pH,38,323,323
1c3pH,99,96,96
1dlfH,18,10,10
2tpsAH,207,207,207
1bw9AH,240,240,240
1vnsH,267,525,525
1atzAH,947,934,934
1tph1H,82,79,79
1gcaH,214,183,183
1ygeH,705,705,705
1btyH,180,177,177
1bf6BH,59,56,56
1bf6BH,70,77,77
1bf6BH,225,192,192
1qjdH,79,99,99
1qjdH,507,507,507
1qjdH,507,544,544
7fd1H,64,6,6
1qq5AH,120,117,117
1vcaAH,180,12,12
1d7pH,2199,2199,2199
1b4vH,104,105,105
1xwlH,701,698,698
1vfyH,177,198,198
1dozH,177,178,178
1qgwBDH,2,4,4
1b5eAH,134,147,147
1ubpH,55,52,52
1ubpH,106,102,102
2bbkHH,128,170,170
1qreH,135,135,135
1cemH,97,82,82
4eugH,221,104,104
1uroH,324,304,304
1uroH,324,305,305
1uroH,345,342,342
1b9wH,64,49,49
1qh5AH,14,31,31
1qh5AH,14,32,32
1atlACH,136,129,129
1atlACH,136,130,130
1bdmBH,95,92,92
1bdmBH,180,181,181
1toaAH,42,42,42
2myrH,350,350,350
2myrH,351,348,348
1msiH,21,18,18
1msiH,59,56,56
2nacAH,329,307,307
1bg6H,138,139,139
1qh8AH,277,225,225
1qh8AH,353,352,352
3pypH,100,98,98
1sluH,180,177,177
2lisH,118,115,115
1gciH,222,222,222
1cs1AH,340,336,336
1lucBH,302,232,232
1stnH,98,101,101
1qrrH,107,181,181
1qnjH,180,177,177
1uxyH,213,192,192
1cxqH,193,90,90
1b4kAH,177,205,205
1lamH,171,469,469
1lamH,274,274,274
1edgH,66,63,63
1tgxAH,31,31,31
1auoAH,175,172,172
1smlH,59,56,56
1smlH,157,184,184
2driH,193,164,164
1qk5AH,210,211,211
1h2rSH,2,3,3
1h2rSH,49,45,45
1mlaH,18,15,15
1tyvH,448,425,425
1dhnH,1,3,3
1lclH,81,59,59
1smdH,339,340,340
1bfdH,321,185,185
1czfAH,150,150,150
1dvjAH,19,21,21
1bi5H,158,140,140
1bi5H,158,141,141
1hclH,1,2,2
1hclH,1,3,3
4pgaAH,137,137,137
4pgaAH,161,124,124
